civilisation_id,name,region,sub_region,founded_year,peak_year,collapse_start_year,collapse_end_year,latitude,longitude,peak_population_m,peak_territory_km2,primary_collapse_trigger,secondary_collapse_trigger,conquered_by,pressured_by,succeeded_by,contemporary_rivals,rise_duration_years,peak_plateau_years,collapse_duration_years,lifespan_years,rise_to_fall_ratio,collapse_speed,log_peak_population,log_peak_territory,territory_per_capita,founding_era,collapse_era,founding_era_numeric,collapse_era_numeric,n_contemporary_rivals,n_pressuring_empires,n_successors,was_conquered,lifespan_years_pct,rise_duration_years_pct,collapse_duration_years_pct,peak_population_m_pct,peak_territory_km2_pct,n_contemporary_rivals_pct,rise_to_fall_ratio_pct,trigger_climate,trigger_conquest,trigger_economic,trigger_fragmentation,trigger_migration,trigger_overextension,region_encoded,maddison_country_code,maddison_gdppc_at_peak,maddison_pop_at_peak,maddison_year_gap,notes,n_stressors_during_collapse,has_climate_stressor,has_pandemic_stressor,has_war_stressor,has_migration_stressor,has_any_catastrophic,max_stressor_severity
1,Sumerian City-States,Middle East,Mesopotamia,-3000,-2500,-2200,-2004,31.0,46.0,0.5,30000,conquest,climate,Akkadian Empire,,Akkadian Empire,Akkadian Empire,500,300,196,996,2.5510204081632653,153.0612244897959,0.4054651081081644,10.308985993422082,0.06,Bronze Age,Bronze Age,0,0,1,0,1,1,0.9375,0.8928571428571429,0.9285714285714286,0.0223214285714285,0.0178571428571428,0.0982142857142857,0.4017857142857143,False,True,False,False,False,False,5,IRQ,,,2501.0,Collapsed under Akkadian conquest; drought also implicated,1,1,0,0,0,0,2
2,Akkadian Empire,Middle East,Mesopotamia,-2334,-2250,-2200,-2154,33.0,44.0,0.8,650000,climate,fragmentation,,,Sumerian Renaissance,Sumerian City-States,84,50,46,180,1.826086956521739,14130.434782608696,0.5877866649021191,13.384729180332174,0.8125,Bronze Age,Bronze Age,0,0,1,0,1,0,0.2678571428571428,0.3214285714285714,0.5758928571428571,0.0446428571428571,0.3125,0.0982142857142857,0.2946428571428571,True,False,False,False,False,False,5,IRQ,,,2251.0,4.2 kiloyear climate event strongly implicated in collapse,1,1,0,0,0,0,2
3,Neo-Babylonian Empire,Middle East,Mesopotamia,-626,-580,-560,-539,32.5,44.5,2.0,900000,conquest,,Achaemenid Persian Empire,Achaemenid Persian Empire,Achaemenid Persian Empire,Achaemenid Persian Empire,46,20,21,87,2.1904761904761907,42857.142857142855,1.0986122886681098,13.71015115341694,0.45,Classical,Classical,1,1,1,1,1,1,0.1071428571428571,0.1205357142857142,0.3526785714285714,0.1607142857142857,0.3973214285714285,0.0982142857142857,0.3392857142857143,False,True,False,False,False,False,5,IRQ,,,581.0,Fell to Cyrus the Great of Persia,0,0,0,0,0,0,0
4,Achaemenid Persian Empire,Middle East,Persia,-550,-480,-334,-330,32.0,53.0,35.0,5500000,conquest,,Macedonian Empire,Macedonian Empire,Seleucid Empire,Classical Greece|Macedonian Empire,70,146,4,220,17.5,1375000.0,3.58351893845611,15.520258832020865,0.1571428571428571,Classical,Classical,1,1,2,1,1,1,0.3125,0.25,0.1339285714285714,0.7544642857142857,0.8839285714285714,0.4419642857142857,0.8348214285714286,False,True,False,False,False,False,5,IRN,,,481.0,Conquered by Alexander the Great,0,0,0,0,0,0,0
5,Sassanid Empire,Middle East,Persia,224,550,633,651,32.0,53.0,20.0,3500000,conquest,pandemic,Umayyad Caliphate,Byzantine Empire|Umayyad Caliphate,Umayyad Caliphate,Byzantine Empire,326,83,18,427,18.11111111111111,194444.44444444444,3.044522437723423,15.068273812173889,0.175,Classical,Medieval,1,2,1,2,1,1,0.5982142857142857,0.75,0.3080357142857143,0.6473214285714286,0.7008928571428571,0.0982142857142857,0.8571428571428571,False,True,False,False,False,False,5,IRN,,,180.0,Weakened by plague and Byzantine wars; fell to Islamic conquest,2,1,1,0,0,1,3
6,Ancient Egypt - New Kingdom,Africa,North Africa,-1550,-1279,-1150,-1069,26.0,30.0,4.0,1000000,fragmentation,climate,,Sea Peoples,,Hittite Empire,271,129,81,481,3.345679012345679,12345.67901234568,1.6094379124341005,13.815511557963774,0.25,Bronze Age,Classical,0,1,1,1,0,0,0.6875,0.6964285714285714,0.7678571428571429,0.3660714285714285,0.4375,0.0982142857142857,0.4642857142857143,False,False,False,True,False,False,0,EGY,,,1280.0,Bronze Age Collapse; Sea Peoples invasions and internal fragmentation,3,1,0,0,1,1,3
7,Classical Greece,Europe,Mediterranean,-800,-450,-350,-146,39.0,22.0,8.0,250000,conquest,fragmentation,Roman Empire,Macedonian Empire|Roman Empire,Macedonian Empire,Achaemenid Persian Empire|Macedonian Empire,350,100,204,654,1.7156862745098038,1225.4901960784314,2.19722457733622,12.429220196836384,0.03125,Classical,Classical,1,1,2,2,1,1,0.8214285714285714,0.7857142857142857,0.9375,0.53125,0.1428571428571428,0.4419642857142857,0.2678571428571428,False,True,False,False,False,False,4,GRC,,,451.0,Absorbed by Macedon then Rome; internal city-state rivalry weakened cohesion,1,1,0,0,0,0,-1
8,Macedonian Empire,Europe,Mediterranean,-336,-323,-323,-301,41.0,41.0,50.0,5200000,fragmentation,,,,Seleucid Empire,Achaemenid Persian Empire,13,0,22,35,0.5909090909090909,236363.63636363635,3.9318256327243257,15.46416937585933,0.104,Classical,Classical,1,1,1,0,1,0,0.0267857142857142,0.0267857142857142,0.3705357142857143,0.8392857142857143,0.8616071428571429,0.0982142857142857,0.0535714285714285,False,False,False,True,False,False,4,GRC,,,324.0,Fragmented immediately on Alexander's death into Diadochi kingdoms,0,0,0,0,0,0,0
9,Roman Empire,Europe,Mediterranean,-27,117,376,476,42.0,12.0,70.0,5000000,overextension,migration,,Sassanid Empire,Byzantine Empire|Holy Roman Empire,Parthian Empire|Sassanid Empire|Han Dynasty,144,259,100,503,1.44,50000.0,4.262679877041316,15.424948670398354,0.0714285714285714,Classical,Classical,1,1,3,1,2,0,0.7053571428571429,0.4821428571428571,0.8214285714285714,0.8928571428571429,0.84375,0.84375,0.1875,False,False,False,False,False,True,4,ITA,1407.0,8000.0,116.0,"Western Rome fell 476 CE; overextension, migration pressure, economic collapse",1,0,0,0,1,0,2
10,Byzantine Empire,Europe,Mediterranean,330,555,1204,1453,41.0,29.0,30.0,3500000,conquest,overextension,Ottoman Empire,Ottoman Empire|Seljuk Turks,Ottoman Empire,Sassanid Empire|Umayyad Caliphate|Ottoman Empire,225,649,249,1123,0.9036144578313252,14056.224899598394,3.4339872044851463,15.068273812173889,0.1166666666666666,Classical,Medieval,1,2,3,2,1,1,0.9732142857142856,0.6339285714285714,0.96875,0.7053571428571429,0.7008928571428571,0.84375,0.0714285714285714,False,True,False,False,False,False,4,TUR,,,175.0,Gradual erosion over centuries; final conquest by Ottomans 1453,4,1,1,0,1,1,3
11,Parthian Empire,Middle East,Persia,-247,-50,210,224,32.0,53.0,12.0,2500000,conquest,fragmentation,Sassanid Empire,Roman Empire|Sassanid Empire,Sassanid Empire,Roman Empire,197,260,14,471,14.071428571428571,178571.42857142858,2.5649493574615367,14.731801689838347,0.2083333333333333,Classical,Classical,1,1,1,2,1,1,0.6696428571428571,0.5982142857142857,0.28125,0.6071428571428571,0.5982142857142857,0.0982142857142857,0.75,False,True,False,False,False,False,5,IRN,1116.0,4000.0,51.0,Rome's great eastern rival; fell to internal Sassanid rebellion,0,0,0,0,0,0,0
12,Umayyad Caliphate,Middle East,Arabia,661,720,740,750,33.5,36.3,33.0,11100000,fragmentation,conquest,Abbasid Caliphate,Abbasid Caliphate,Abbasid Caliphate,Byzantine Empire|Tang Dynasty,59,20,10,89,5.9,1110000.0,3.5263605246161616,16.22245575637265,0.3363636363636363,Medieval,Medieval,2,2,2,1,1,1,0.125,0.2098214285714285,0.2366071428571428,0.7410714285714286,0.9464285714285714,0.4419642857142857,0.5982142857142857,False,False,False,True,False,False,5,SAU,,,10.0,Overthrown by Abbasid Revolution; internal ethnic tensions,1,0,1,0,0,1,3
13,Abbasid Caliphate,Middle East,Arabia,750,850,1200,1258,33.3,44.4,30.0,4300000,conquest,fragmentation,Mongol Empire,Mongol Empire|Crusaders,Mongol Empire|Mamluk Sultanate,Byzantine Empire|Mongol Empire,100,350,58,508,1.7241379310344829,74137.93103448275,3.4339872044851463,15.274125813221904,0.1433333333333333,Medieval,Medieval,2,2,2,2,2,1,0.7142857142857143,0.375,0.6785714285714286,0.7053571428571429,0.8214285714285714,0.4419642857142857,0.2767857142857143,False,True,False,False,False,False,5,IRQ,1466.0,,120.0,Sacked by Mongols 1258; Baghdad destroyed,2,1,0,0,1,1,3
14,Ottoman Empire,Middle East,Anatolia,1299,1683,1908,1922,39.0,35.0,32.0,5200000,fragmentation,overextension,,British Empire|Russian Empire,Republic of Turkey,Byzantine Empire|Safavid Persia|British Empire|Russian Empire,384,225,14,623,27.428571428571427,371428.5714285714,3.49650756146648,15.46416937585933,0.1625,Medieval,Modern,2,5,4,2,1,0,0.7857142857142857,0.8214285714285714,0.28125,0.7321428571428571,0.8616071428571429,1.0,0.8839285714285714,False,False,False,True,False,False,5,TUR,,,0.0,Sick Man of Europe; WWI defeat triggered final collapse,2,0,1,1,0,1,3
15,Maurya Empire,South Asia,Indian Subcontinent,-322,-250,-210,-185,25.0,80.0,50.0,5000000,fragmentation,economic,,,Gupta Empire,Seleucid Empire,72,40,25,137,2.88,200000.0,3.9318256327243257,15.424948670398354,0.1,Classical,Classical,1,1,1,0,1,0,0.2008928571428571,0.2723214285714285,0.4151785714285714,0.8392857142857143,0.84375,0.0982142857142857,0.4375,False,False,False,True,False,False,6,IND,,,251.0,Fragmented after Ashoka; succession crises,1,1,0,0,0,0,-1
16,Gupta Empire,South Asia,Indian Subcontinent,320,400,480,550,25.0,80.0,35.0,3500000,migration,fragmentation,,Huna invaders,,Sassanid Empire,80,80,70,230,1.1428571428571428,50000.0,3.58351893845611,15.068273812173889,0.1,Classical,Medieval,1,2,1,1,0,0,0.3392857142857143,0.2946428571428571,0.7053571428571429,0.7544642857142857,0.7008928571428571,0.0982142857142857,0.1428571428571428,False,False,False,False,True,False,6,IND,,,330.0,Huna invasions triggered fragmentation,2,1,1,0,0,1,3
17,Mughal Empire,South Asia,Indian Subcontinent,1526,1700,1707,1857,25.0,80.0,150.0,4000000,fragmentation,conquest,British Empire,British Empire|Maratha Empire,British Empire,Safavid Persia|British Empire,174,7,150,331,1.16,26666.666666666668,5.017279836814924,15.201805169084134,0.0266666666666666,Early Modern,Industrial,3,4,2,2,1,1,0.5178571428571429,0.5625,0.9017857142857144,0.9642857142857144,0.7857142857142857,0.4419642857142857,0.1517857142857142,False,False,False,True,False,False,6,IND,1162.0,165000.0,0.0,Long fragmentation post-Aurangzeb; British absorbed remnants 1857,2,1,0,0,0,0,2
18,Qin Dynasty,East Asia,China,-221,-215,-210,-206,34.0,109.0,40.0,3400000,fragmentation,economic,,,Han Dynasty,Maurya Empire,6,5,4,15,1.5,850000.0,3.713572066704308,15.039286283703994,0.085,Classical,Classical,1,1,1,0,1,0,0.0178571428571428,0.0089285714285714,0.1339285714285714,0.7767857142857143,0.6651785714285714,0.0982142857142857,0.21875,False,False,False,True,False,False,3,CHN,,,216.0,Collapsed under peasant revolts after Qin Shi Huang's death,0,0,0,0,0,0,0
19,Han Dynasty,East Asia,China,-206,100,184,220,34.0,109.0,60.0,6500000,fragmentation,economic,,Xiongnu,Tang Dynasty,Roman Empire|Parthian Empire,306,84,36,426,8.5,180555.5555555556,4.110873864173311,15.687312888712007,0.1083333333333333,Classical,Classical,1,1,2,1,1,0,0.5892857142857143,0.7321428571428571,0.4910714285714285,0.875,0.90625,0.4419642857142857,0.7053571428571429,False,False,False,True,False,False,3,CHN,,59600.0,99.0,Yellow Turban Rebellion; warlordism; Three Kingdoms period,0,0,0,0,0,0,0
20,Tang Dynasty,East Asia,China,618,750,875,907,34.0,109.0,80.0,5400000,fragmentation,economic,,,Song Dynasty,Abbasid Caliphate|Byzantine Empire,132,125,32,289,4.125,168750.0,4.394449154672439,15.501909696719672,0.0675,Medieval,Medieval,2,2,2,0,1,0,0.4285714285714285,0.4553571428571428,0.4642857142857143,0.9107142857142856,0.875,0.4419642857142857,0.5089285714285714,False,False,False,True,False,False,3,CHN,,,20.0,An Lushan Rebellion weakened Tang; Huang Chao Rebellion finished it,0,0,0,0,0,0,0
21,Song Dynasty,East Asia,China,960,1100,1234,1279,34.0,109.0,100.0,3100000,conquest,,Mongol Empire,Mongol Empire|Jurchen Jin,Yuan Dynasty,Mongol Empire,140,134,45,319,3.111111111111111,68888.88888888889,4.61512051684126,14.946912992035967,0.031,Medieval,Medieval,2,2,1,2,1,1,0.4910714285714285,0.4732142857142857,0.5580357142857143,0.9419642857142856,0.6339285714285714,0.0982142857142857,0.4464285714285714,False,True,False,False,False,False,3,CHN,1221.711,,10.0,Conquered by Kublai Khan's Mongols,2,1,0,0,1,1,3
22,Yuan Dynasty,East Asia,China,1271,1310,1340,1368,40.0,116.0,75.0,4000000,fragmentation,pandemic,,,Ming Dynasty,Ming Dynasty,39,30,28,97,1.3928571428571428,142857.14285714287,4.330733340286331,15.201805169084134,0.0533333333333333,Medieval,Medieval,2,2,1,0,1,0,0.1428571428571428,0.1071428571428571,0.4553571428571428,0.9017857142857144,0.7857142857142857,0.0982142857142857,0.1785714285714285,False,False,False,True,False,False,3,CHN,,,0.0,Black Death devastated population; Red Turban Rebellion overthrew Mongol rule,2,1,1,0,0,1,3
23,Ming Dynasty,East Asia,China,1368,1450,1620,1644,34.0,109.0,200.0,6500000,fragmentation,climate,Qing Dynasty,Qing Dynasty,Qing Dynasty,Qing Dynasty|Ottoman Empire,82,170,24,276,3.4166666666666665,270833.3333333333,5.303304908059076,15.687312888712007,0.0325,Medieval,Early Modern,2,3,2,1,1,1,0.4196428571428571,0.3125,0.4017857142857143,0.9732142857142856,0.90625,0.4419642857142857,0.4732142857142857,False,False,False,True,False,False,3,CHN,1375.38,,0.0,Little Ice Age famines; peasant rebellions; Manchu conquest,2,1,0,1,0,0,2
24,Qing Dynasty,East Asia,China,1644,1800,1850,1912,35.0,105.0,430.0,13000000,fragmentation,overextension,,British Empire|Japanese Empire,Republic of China,British Empire|Russian Empire|Japanese Empire,156,50,62,268,2.5161290322580645,209677.4193548387,6.066108090103747,16.380459992348886,0.0302325581395348,Early Modern,Industrial,3,4,3,2,1,0,0.4017857142857143,0.5089285714285714,0.6875,0.9910714285714286,0.9553571428571428,0.84375,0.3928571428571428,False,False,False,True,False,False,3,CHN,926.259,,0.0,"Opium Wars, Taiping Rebellion, Boxer Rebellion; abdication 1912",1,1,0,0,0,0,1
25,Mongol Empire,Central Asia,Steppe,1206,1260,1260,1368,47.0,107.0,100.0,24000000,fragmentation,pandemic,,,Yuan Dynasty|Golden Horde|Ilkhanate|Timurid Empire,Abbasid Caliphate|Song Dynasty,54,0,108,162,0.5,222222.22222222225,4.61512051684126,16.993564429978885,0.24,Medieval,Medieval,2,2,2,0,4,0,0.2455357142857142,0.1696428571428571,0.8571428571428571,0.9419642857142856,0.9910714285714286,0.4419642857142857,0.0267857142857142,False,False,False,True,False,False,2,MNG,,,0.0,Largest contiguous empire; fragmented into khanates after 1259,3,1,1,0,1,1,3
26,Timurid Empire,Central Asia,Steppe,1370,1405,1460,1507,39.0,63.0,8.0,4400000,fragmentation,conquest,Uzbek Khanate,Uzbek Khanate|Ottoman Empire,Mughal Empire,Ottoman Empire|Ming Dynasty,35,55,47,137,0.7446808510638298,93617.02127659574,2.19722457733622,15.29711532616119,0.55,Medieval,Early Modern,2,3,2,2,1,1,0.2008928571428571,0.09375,0.5892857142857143,0.53125,0.8303571428571429,0.4419642857142857,0.0625,False,False,False,True,False,False,2,UZB,,,0.0,Tamerlane's empire; fragmented after his death; Babur fled to found Mughals,2,1,1,0,0,1,3
27,Kingdom of Kush,Africa,Sub-Saharan Africa,-1070,-700,300,350,15.0,32.0,1.0,600000,conquest,climate,Kingdom of Aksum,Kingdom of Aksum|Roman Egypt,Kingdom of Aksum,Roman Empire|Kingdom of Aksum,370,1000,50,1420,7.4,12000.0,0.6931471805599453,13.304686600863562,0.6,Classical,Classical,1,1,2,2,1,1,0.9910714285714286,0.8125,0.6205357142857143,0.0669642857142857,0.28125,0.4419642857142857,0.6696428571428571,False,True,False,False,False,False,0,SDN,,,701.0,Conquered by Aksum; desertification also weakened agricultural base,0,0,0,0,0,0,0
28,Kingdom of Aksum,Africa,Sub-Saharan Africa,100,350,700,940,14.0,38.0,3.0,1250000,economic,climate,,Umayyad Caliphate,,Byzantine Empire|Sassanid Empire|Umayyad Caliphate,250,350,240,840,1.0416666666666667,5208.333333333333,1.3862943611198906,14.038654909278163,0.4166666666666667,Classical,Medieval,1,2,3,1,0,0,0.9017857142857144,0.6741071428571429,0.9464285714285714,0.2723214285714285,0.5133928571428571,0.84375,0.1160714285714285,False,False,True,False,False,False,0,ETH,,,349.0,Islamic expansion cut Red Sea trade routes; climate shifts weakened agriculture,1,0,1,0,0,1,3
29,Mali Empire,Africa,Sub-Saharan Africa,1235,1350,1400,1670,12.0,-8.0,20.0,1240000,fragmentation,economic,,Songhai Empire,Songhai Empire,Mongol Empire|Ottoman Empire,115,50,270,435,0.4259259259259259,4592.592592592592,3.044522437723423,14.030622744032508,0.062,Medieval,Early Modern,2,3,2,1,1,0,0.6160714285714286,0.4107142857142857,0.9821428571428572,0.6473214285714286,0.5,0.4419642857142857,0.0178571428571428,False,False,False,True,False,False,0,MLI,,,0.0,Fragmented as Songhai rose; succession disputes weakened central authority,3,1,1,1,0,1,3
30,Classic Maya,Americas,Mesoamerica,250,750,800,900,17.0,-89.0,10.0,300000,climate,fragmentation,,,,Teotihuacan,500,50,100,650,5.0,3000.0,2.3978952727983707,12.611541086966117,0.03,Classical,Medieval,1,2,1,0,0,0,0.8125,0.8928571428571429,0.8214285714285714,0.5714285714285714,0.1741071428571428,0.0982142857142857,0.5580357142857143,True,False,False,False,False,False,1,MEX,,,20.0,Severe drought cycles; internal warfare; agricultural collapse,0,0,0,0,0,0,0
31,Teotihuacan,Americas,Mesoamerica,-100,400,650,750,19.7,-98.8,0.5,26000,fragmentation,climate,,,Aztec Empire,Classic Maya,500,250,100,850,5.0,260.0,0.4054651081081644,10.165890277802454,0.052,Classical,Medieval,1,2,1,0,1,0,0.9196428571428572,0.8928571428571429,0.8214285714285714,0.0223214285714285,0.0089285714285714,0.0982142857142857,0.5580357142857143,False,False,False,True,False,False,1,MEX,,,330.0,Evidence of internal burning and destruction; drought likely contributing factor,2,1,1,0,0,1,3
32,Aztec Empire,Americas,Mesoamerica,1345,1500,1519,1521,19.4,-99.1,6.0,220000,conquest,pandemic,Spanish Empire,Spanish Empire,Spanish Empire,Inca Empire,155,19,2,176,77.5,110000.0,1.9459101490553128,12.301387370778713,0.0366666666666666,Medieval,Early Modern,2,3,1,1,1,1,0.2589285714285714,0.5,0.0357142857142857,0.46875,0.125,0.0982142857142857,0.9464285714285714,False,True,False,False,False,False,1,MEX,,7500.0,0.0,Spanish conquest aided by smallpox epidemic and local alliances,2,1,1,0,0,1,3
33,Inca Empire,Americas,South America,1438,1527,1532,1533,-13.0,-72.0,12.0,2000000,conquest,pandemic,Spanish Empire,Spanish Empire,Spanish Empire,Aztec Empire,89,5,1,95,89.0,2000000.0,2.5649493574615367,14.508658238524095,0.1666666666666666,Medieval,Early Modern,2,3,1,1,1,1,0.1339285714285714,0.3392857142857143,0.0089285714285714,0.6071428571428571,0.5803571428571429,0.0982142857142857,0.9553571428571428,False,True,False,False,False,False,1,PER,,,0.0,Smallpox preceded Spanish arrival; civil war weakened resistance,2,1,1,0,0,1,3
34,Carolingian Empire,Europe,Western Europe,800,814,840,888,49.0,8.0,15.0,1112000,fragmentation,,,Viking raids,Holy Roman Empire,Byzantine Empire|Abbasid Caliphate,14,26,48,88,0.2916666666666667,23166.666666666668,2.772588722239781,13.921671653072837,0.0741333333333333,Medieval,Medieval,2,2,2,1,1,0,0.1160714285714285,0.0357142857142857,0.5982142857142857,0.625,0.4732142857142857,0.4419642857142857,0.0089285714285714,False,False,False,True,False,False,4,DEU,,,84.0,Treaty of Verdun 843 split empire; Viking pressure accelerated fragmentation,0,0,0,0,0,0,0
35,Holy Roman Empire,Europe,Western Europe,962,1200,1618,1806,51.0,10.0,20.0,600000,fragmentation,overextension,,French Empire|Napoleon,German Empire,Ottoman Empire|French Colonial Empire,238,418,188,844,1.2659574468085106,3191.489361702128,3.044522437723423,13.304686600863562,0.03,Medieval,Industrial,2,4,2,2,1,0,0.9107142857142856,0.6428571428571429,0.9196428571428572,0.6473214285714286,0.28125,0.4419642857142857,0.1696428571428571,False,False,False,True,False,False,4,DEU,,,50.0,30 Years War devastated it; Napoleon dissolved it formally 1806,2,1,0,1,0,0,2
36,Spanish Empire,Europe,Western Europe,1492,1650,1808,1898,40.0,-4.0,68.0,20000000,fragmentation,economic,,British Empire|Napoleon,,British Empire|French Colonial Empire|Ottoman Empire,158,158,90,406,1.7555555555555555,222222.22222222225,4.23410650459726,16.811242881518265,0.2941176470588235,Medieval,Industrial,2,4,3,2,0,0,0.5535714285714286,0.5178571428571429,0.7857142857142857,0.8839285714285714,0.9732142857142856,0.84375,0.2857142857142857,False,False,False,True,False,False,4,ESP,1008.9879859100328,,0.0,Napoleonic invasion triggered Latin American independence movements,2,1,0,0,0,0,2
37,Napoleonic Empire,Europe,Western Europe,1804,1812,1812,1815,46.0,2.0,44.0,2100000,overextension,climate,,Russian Empire|British Empire,,British Empire|Russian Empire|Austrian Empire,8,0,3,11,2.6666666666666665,700000.0,3.80666248977032,14.557448378884017,0.0477272727272727,Industrial,Industrial,4,4,3,2,0,0,0.0089285714285714,0.0178571428571428,0.0892857142857142,0.7991071428571429,0.5892857142857143,0.84375,0.4196428571428571,False,False,False,False,False,True,4,FRA,1601.3052843144017,,0.0,Russian campaign overextension; 1815 Waterloo; volcanic winter 1815 (Tambora),2,1,0,0,0,0,2
38,Austro-Hungarian Empire,Europe,Central Europe,1867,1900,1914,1918,47.0,14.0,52.0,676000,fragmentation,overextension,,Russian Empire|German Empire,Austria|Hungary|Czechoslovakia|Yugoslavia,Russian Empire|Ottoman Empire|German Empire,33,14,4,51,8.25,169000.0,3.970291913552122,13.423949834313948,0.013,Industrial,Modern,4,5,3,2,4,0,0.0446428571428571,0.0669642857142857,0.1339285714285714,0.8660714285714286,0.3214285714285714,0.84375,0.6964285714285714,False,False,False,True,False,False,4,AUT,4594.0,5973.0,0.0,WWI defeat; multinational empire fragmented into nation-states,2,0,1,1,0,1,3
39,German Empire and Third Reich,Europe,Central Europe,1871,1942,1943,1945,51.0,10.0,90.0,3600000,overextension,conquest,Allied Powers,British Empire|Russian Empire|USA,West Germany|East Germany,British Empire|Russian Empire|USA,71,1,2,74,35.5,1800000.0,4.51085950651685,15.096444681204078,0.04,Industrial,Modern,4,5,3,3,2,1,0.0714285714285714,0.2589285714285714,0.0357142857142857,0.9196428571428572,0.7276785714285714,0.84375,0.8928571428571429,False,False,False,False,False,True,4,DEU,9149.0,70834.0,0.0,Two-front overextension; unconditional surrender 1945,1,0,0,1,0,1,3
40,Italian Colonial Empire,Europe,Mediterranean,1882,1936,1940,1947,42.0,12.0,44.0,3798000,conquest,overextension,Allied Powers,British Empire|Allied Powers,,British Empire|German Empire|French Colonial Empire,54,4,7,65,7.714285714285714,542571.4285714285,3.80666248977032,15.149985433650803,0.0863181818181818,Industrial,Modern,4,5,3,2,0,1,0.0625,0.1696428571428571,0.1919642857142857,0.7991071428571429,0.7410714285714286,0.84375,0.6830357142857143,False,True,False,False,False,False,4,ITA,4471.0,42750.0,0.0,WWII defeats in Africa and Europe; Allied invasion of Italy 1943,1,0,0,1,0,1,3
41,Empire of Japan,East Asia,East Asia,1868,1942,1944,1947,36.0,138.0,97.0,7400000,overextension,conquest,Allied Powers,USA|British Empire|USSR,Japan,USA|British Empire|Chinese Republic,74,2,3,79,24.666666666666668,2466666.6666666665,4.584967478670572,15.816990693309524,0.0762886597938144,Industrial,Modern,4,5,3,3,1,1,0.09375,0.2857142857142857,0.0892857142857142,0.9285714285714286,0.9196428571428572,0.84375,0.875,False,False,False,False,False,True,3,JPN,4938.54,75029.0,0.0,Pacific overextension; atomic bombs; unconditional surrender 1945,1,0,0,1,0,1,3
42,French Colonial Empire,Europe,Western Europe,1534,1920,1954,1980,46.0,2.0,110.0,13500000,fragmentation,overextension,,,,British Empire|German Empire,386,34,26,446,14.846153846153848,519230.7692307693,4.709530201312334,16.41820031748273,0.1227272727272727,Early Modern,Modern,3,5,2,0,0,0,0.6339285714285714,0.8303571428571429,0.4330357142857143,0.9553571428571428,0.9642857142857144,0.4419642857142857,0.7589285714285714,False,False,False,True,False,False,4,FRA,5144.0,39000.0,0.0,Indochina War then Algeria triggered decolonisation wave,0,0,0,0,0,0,0
43,British Empire,Europe,Western Europe,1583,1920,1947,1997,51.5,-0.1,458.0,35500000,fragmentation,economic,,,Commonwealth of Nations,French Colonial Empire|Russian Empire|German Empire,337,27,50,414,6.74,710000.0,6.129050210060545,17.385043282614657,0.0775109170305676,Early Modern,Modern,3,5,3,0,1,0,0.5714285714285714,0.7589285714285714,0.6205357142857143,1.0,1.0,0.84375,0.6339285714285714,False,False,False,True,False,False,4,GBR,7017.0,46821.0,0.0,WWII economic exhaustion; Indian independence 1947 triggered decolonisation,0,0,0,0,0,0,0
44,Russian Empire and USSR,Europe,Eastern Europe,1547,1945,1989,1991,55.0,37.0,293.0,22400000,fragmentation,economic,,USA,Russia|Ukraine|15 successor states,British Empire|USA|German Empire,398,44,2,444,199.0,11200000.0,5.683579767338681,16.924571561468124,0.0764505119453924,Early Modern,Modern,3,5,3,1,3,0,0.625,0.8392857142857143,0.0357142857142857,0.9821428571428572,0.9821428571428572,0.84375,0.9910714285714286,False,False,False,True,False,False,4,RUS,2313.444475640682,,0.0,Cold War economic exhaustion; Gorbachev reforms triggered rapid dissolution,0,0,0,0,0,0,0
45,Portuguese Empire,Europe,Western Europe,1415,1550,1974,1999,38.7,-9.1,50.0,10400000,fragmentation,economic,,,,Spanish Empire|British Empire|French Colonial Empire,135,424,25,584,5.4,416000.0,3.9318256327243257,16.15731646026544,0.208,Medieval,Modern,2,5,3,0,0,0,0.7589285714285714,0.4642857142857143,0.4151785714285714,0.8392857142857143,0.9375,0.84375,0.5803571428571429,False,False,False,True,False,False,4,PRT,1330.7799374415,,0.0,Carnation Revolution 1974 triggered rapid decolonisation; Macau handover 1999,0,0,0,0,0,0,0
46,Indus Valley Civilisation,South Asia,Indian Subcontinent,-2600,-2000,-1900,-1500,27.0,68.0,5.0,1260000,climate,migration,,,Vedic civilization,Ancient Egypt - New Kingdom|Akkadian Empire,600,100,400,1100,1.5,3150.0,1.791759469228055,14.04662307257814,0.252,Bronze Age,Bronze Age,0,0,2,0,1,0,0.9553571428571428,0.9419642857142856,1.0,0.4241071428571428,0.5267857142857143,0.4419642857142857,0.21875,True,False,False,False,False,False,6,,,,,Gradual urban abandonment; likely drought and migration from Aryans,0,0,0,0,0,0,0
47,Kushan Empire,South Asia,Central-South Asia,30,200,300,375,34.0,69.0,8.0,3000000,conquest,fragmentation,Sassanid Empire,Sassanid Empire|Gupta Empire,Gupta Empire,Roman Empire|Parthian Empire|Han Dynasty,170,100,75,345,2.2666666666666666,40000.0,2.19722457733622,14.914123179965662,0.375,Classical,Classical,1,1,3,2,1,1,0.5267857142857143,0.5491071428571429,0.7366071428571429,0.53125,0.625,0.84375,0.3482142857142857,False,True,False,False,False,False,6,,,,,"Junction of Rome, Parthia, China, India; fell to Sassanid pressure",1,0,0,0,1,0,2
48,Chola Dynasty,South Asia,Indian Subcontinent,848,1050,1200,1279,11.0,79.0,50.0,3600000,fragmentation,conquest,,Pandya state|Hoysala Empire,Pandya state,Abbasid Caliphate|Srivijaya Empire,202,150,79,431,2.556962025316456,45569.62025316456,3.9318256327243257,15.096444681204078,0.072,Medieval,Medieval,2,2,2,2,1,0,0.6071428571428571,0.625,0.75,0.8392857142857143,0.7276785714285714,0.4419642857142857,0.4107142857142857,False,False,False,True,False,False,6,,,,,Maritime empire; reached Southeast Asia; fell to Pandya and Hoysala,2,1,0,0,1,1,3
49,Delhi Sultanate,South Asia,Indian Subcontinent,1206,1320,1400,1526,28.6,77.2,40.0,3200000,fragmentation,conquest,Mughal Empire,Mongol Empire|Mughal Empire,Mughal Empire,Mongol Empire|Mali Empire,114,80,126,320,0.9047619047619048,25396.8253968254,3.713572066704308,14.978661680269909,0.08,Medieval,Early Modern,2,3,2,2,1,1,0.5,0.4017857142857143,0.8839285714285714,0.7767857142857143,0.6428571428571429,0.4419642857142857,0.0803571428571428,False,False,False,True,False,False,6,,,,,Five successive dynasties; weakened by Mongol raids; fell to Babur,2,1,1,0,0,1,3
50,Vijayanagara Empire,South Asia,Indian Subcontinent,1336,1520,1565,1646,15.3,76.5,25.0,500000,conquest,fragmentation,Deccan Sultanates,Deccan Sultanates|Mughal Empire,,Delhi Sultanate|Mughal Empire,184,45,81,310,2.271604938271605,6172.83950617284,3.258096538021482,13.122365377402328,0.02,Medieval,Early Modern,2,3,2,2,0,1,0.4732142857142857,0.5892857142857143,0.7678571428571429,0.6696428571428571,0.2410714285714285,0.4419642857142857,0.3571428571428571,False,True,False,False,False,False,6,,,,,Destroyed at Battle of Talikota 1565; single catastrophic defeat,3,1,1,1,0,1,3
51,Maratha Empire,South Asia,Indian Subcontinent,1674,1760,1761,1818,19.0,74.0,40.0,2800000,conquest,fragmentation,British Empire,British Empire|Afghan Durrani Empire,British Empire,Mughal Empire|British Empire,86,1,57,144,1.5087719298245614,49122.80701754386,3.713572066704308,14.845130332288226,0.07,Early Modern,Industrial,3,4,2,2,1,1,0.2142857142857142,0.3303571428571428,0.6651785714285714,0.7767857142857143,0.6116071428571429,0.4419642857142857,0.2321428571428571,False,True,False,False,False,False,6,,,,,Defeated at Panipat 1761 by Afghans; then absorbed by British,2,1,0,0,0,0,2
52,Ghana Empire,Africa,Sub-Saharan Africa,700,1000,1076,1240,15.0,-8.0,3.0,830000,conquest,climate,Almoravid Dynasty,Almoravid Dynasty,Mali Empire,Fatimid Caliphate,300,76,164,540,1.829268292682927,5060.975609756098,1.3862943611198906,13.629182184591333,0.2766666666666666,Medieval,Medieval,2,2,1,1,1,1,0.7321428571428571,0.71875,0.9107142857142856,0.2723214285714285,0.375,0.0982142857142857,0.3035714285714285,False,True,False,False,False,False,0,,,,,Gold-salt trade empire; Almoravid invasion 1076 began decline,2,1,0,0,1,1,3
53,Kanem-Bornu Empire,Africa,Sub-Saharan Africa,700,1600,1846,1900,13.0,14.0,5.0,700000,conquest,fragmentation,British Empire|French Colonial Empire,British Empire|French Colonial Empire,,Ottoman Empire|Mali Empire,900,246,54,1200,16.666666666666668,12962.962962962964,1.791759469228055,13.45883704259595,0.14,Medieval,Industrial,2,4,2,2,0,1,0.9821428571428572,1.0,0.6473214285714286,0.4241071428571428,0.3348214285714285,0.4419642857142857,0.8214285714285714,False,True,False,False,False,False,0,,,,,One of longest-lived African states; survived multiple crises and relocations,1,1,0,0,0,0,1
54,Kingdom of Kongo,Africa,Sub-Saharan Africa,1390,1650,1665,1914,-5.0,15.0,3.0,300000,fragmentation,conquest,Portuguese Empire,Portuguese Empire,,Portuguese Empire|Spanish Empire,260,15,249,524,1.0441767068273091,1204.8192771084337,1.3862943611198906,12.611541086966117,0.1,Medieval,Modern,2,5,2,1,0,1,0.7232142857142857,0.6875,0.96875,0.2723214285714285,0.1741071428571428,0.4419642857142857,0.125,False,False,False,True,False,False,0,,,,,Battle of Mbwila 1665 devastated kingdom; gradual Portuguese absorption,3,1,0,1,0,1,3
55,Mutapa Empire,Africa,Sub-Saharan Africa,1430,1550,1629,1760,-17.0,31.0,2.0,900000,economic,conquest,Portuguese Empire,Portuguese Empire,,Portuguese Empire,120,79,131,330,0.916030534351145,6870.229007633588,1.0986122886681098,13.71015115341694,0.45,Medieval,Early Modern,2,3,1,1,0,1,0.5089285714285714,0.4285714285714285,0.8928571428571429,0.1607142857142857,0.3973214285714285,0.0982142857142857,0.0892857142857142,False,False,True,False,False,False,0,,,,,Portuguese disruption of gold trade routes; gradual vassalisation,2,1,0,1,0,0,2
56,Ethiopian Empire,Africa,Sub-Saharan Africa,1270,1880,1935,1974,9.0,39.0,20.0,1100000,fragmentation,conquest,,Italian Colonial Empire|British Empire,Ethiopia,British Empire|Italian Colonial Empire|Ottoman Empire,610,55,39,704,15.64102564102564,28205.128205128207,3.044522437723423,13.910821646859096,0.055,Medieval,Modern,2,5,3,2,1,0,0.8482142857142857,0.9553571428571428,0.5267857142857143,0.6473214285714286,0.4642857142857143,0.84375,0.7857142857142857,False,False,False,True,False,False,0,,,,,Only African state to resist colonisation; fell to Haile Selassie coup 1974,1,0,0,1,0,1,3
57,Sokoto Caliphate,Africa,Sub-Saharan Africa,1804,1850,1900,1903,13.0,5.0,10.0,400000,conquest,,British Empire,British Empire,British Empire,British Empire|Ottoman Empire,46,50,3,99,15.333333333333334,133333.33333333334,2.3978952727983707,12.899222326086994,0.04,Industrial,Industrial,4,4,2,1,1,1,0.1517857142857142,0.1205357142857142,0.0892857142857142,0.5714285714285714,0.2232142857142857,0.4419642857142857,0.7767857142857143,False,True,False,False,False,False,0,,,,,Largest 19th century African state; fell to British Lugard expedition 1903,0,0,0,0,0,0,0
58,Kingdom of Benin,Africa,Sub-Saharan Africa,1180,1500,1894,1897,6.3,5.6,3.0,150000,conquest,,British Empire,British Empire,British Empire,British Empire|Mali Empire|Songhai Empire,320,394,3,717,106.66666666666669,50000.0,1.3862943611198906,11.918397239722838,0.05,Medieval,Industrial,2,4,3,1,1,1,0.8660714285714286,0.7410714285714286,0.0892857142857142,0.2723214285714285,0.0803571428571428,0.84375,0.9642857142857144,False,True,False,False,False,False,0,,,,,British Punitive Expedition 1897; famous bronzes looted,0,0,0,0,0,0,0
59,Kilwa Sultanate,Africa,Sub-Saharan Africa,900,1300,1505,1513,-8.9,39.5,0.5,100000,conquest,economic,Portuguese Empire,Portuguese Empire,,Mongol Empire|Mali Empire,400,205,8,613,50.0,12500.0,0.4054651081081644,11.51293546492023,0.2,Medieval,Early Modern,2,3,2,1,0,1,0.7678571428571429,0.8526785714285714,0.2142857142857142,0.0223214285714285,0.0625,0.4419642857142857,0.9107142857142856,False,True,False,False,False,False,0,,,,,East African maritime trade city-state; destroyed by Portuguese fleet 1505,2,1,1,0,0,1,3
60,Asante Empire,Africa,Sub-Saharan Africa,1701,1820,1896,1902,6.7,-1.6,3.0,250000,conquest,,British Empire,British Empire,British Empire,British Empire|French Colonial Empire,119,76,6,201,19.83333333333333,41666.66666666666,1.3862943611198906,12.429220196836384,0.0833333333333333,Early Modern,Industrial,3,4,2,1,1,1,0.2857142857142857,0.4196428571428571,0.1741071428571428,0.2723214285714285,0.1428571428571428,0.4419642857142857,0.8660714285714286,False,True,False,False,False,False,0,,,,,Won three Anglo-Asante wars; fell in fourth 1896-1902,0,0,0,0,0,0,0
61,Hittite Empire,Middle East,Anatolia,-1650,-1300,-1200,-1180,40.0,34.0,3.0,575000,migration,climate,,Sea Peoples,,Ancient Egypt - New Kingdom|Assyria,350,100,20,470,17.5,28750.0,1.3862943611198906,13.26212705890841,0.1916666666666666,Bronze Age,Classical,0,1,2,1,0,0,0.6607142857142857,0.7857142857142857,0.3303571428571428,0.2723214285714285,0.2589285714285714,0.4419642857142857,0.8348214285714286,False,False,False,False,True,False,5,,,,,Bronze Age Collapse; Sea Peoples and drought ended Hittite power,3,1,0,0,1,1,3
62,Mycenaean Greece,Europe,Mediterranean,-1600,-1400,-1200,-1100,37.7,22.7,2.0,90000,migration,climate,,Sea Peoples,Classical Greece,Hittite Empire|Ancient Egypt - New Kingdom,200,200,100,500,2.0,900.0,1.0986122886681098,11.407576060361786,0.045,Bronze Age,Classical,0,1,2,1,1,0,0.6964285714285714,0.6116071428571429,0.8214285714285714,0.1607142857142857,0.0446428571428571,0.4419642857142857,0.3214285714285714,False,False,False,False,True,False,4,,,,,"Bronze Age Collapse; palaces destroyed, writing lost for centuries",3,1,0,0,1,1,3
63,Carthage,Africa,North Africa,-814,-300,-149,-146,36.8,10.3,4.0,1000000,conquest,,Roman Empire,Roman Empire,Roman Empire,Roman Empire|Classical Greece,514,151,3,668,171.33333333333334,333333.3333333333,1.6094379124341005,13.815511557963774,0.25,Classical,Classical,1,1,2,1,1,1,0.8392857142857143,0.9196428571428572,0.0892857142857142,0.3660714285714285,0.4375,0.4419642857142857,0.9821428571428572,False,True,False,False,False,False,0,,,,,"Destroyed by Rome in Third Punic War; city razed, population enslaved",1,1,0,0,0,0,-1
64,Seleucid Empire,Middle East,Persia,-312,-250,-100,-63,33.0,44.0,30.0,3900000,fragmentation,conquest,Roman Empire,Roman Empire|Parthian Empire,Parthian Empire|Roman Empire,Ptolemaic Kingdom|Roman Empire|Maurya Empire,62,150,37,249,1.6756756756756757,105405.4054054054,3.4339872044851463,15.1764873675101,0.13,Classical,Classical,1,1,3,2,2,1,0.3660714285714285,0.2366071428571428,0.5089285714285714,0.7053571428571429,0.7544642857142857,0.84375,0.25,False,False,False,True,False,False,5,,,,,Largest Alexander successor state; lost territory to Parthia and Rome,1,1,0,0,0,0,-1
65,Shang Dynasty,East Asia,China,-1600,-1300,-1100,-1046,35.0,114.0,5.0,1250000,conquest,fragmentation,Zhou Dynasty,Zhou Dynasty,Zhou Dynasty,Hittite Empire|Mycenaean Greece,300,200,54,554,5.555555555555555,23148.14814814815,1.791759469228055,14.038654909278163,0.25,Bronze Age,Classical,0,1,2,1,1,1,0.7410714285714286,0.71875,0.6473214285714286,0.4241071428571428,0.5133928571428571,0.4419642857142857,0.5892857142857143,False,True,False,False,False,False,3,,,,,First historically documented Chinese dynasty; oracle bones; fell to Zhou,0,0,0,0,0,0,0
66,Zhou Dynasty,East Asia,China,-1046,-800,-500,-256,34.0,109.0,30.0,3400000,fragmentation,,Qin Dynasty,Qin Dynasty,Qin Dynasty,Achaemenid Persian Empire,246,300,244,790,1.0081967213114753,13934.426229508195,3.4339872044851463,15.039286283703994,0.1133333333333333,Classical,Classical,1,1,1,1,1,1,0.875,0.6517857142857143,0.9553571428571428,0.7053571428571429,0.6651785714285714,0.0982142857142857,0.0982142857142857,False,False,False,True,False,False,3,,,,,Longest Chinese dynasty; Warring States period ended it; Confucius era,0,0,0,0,0,0,0
67,Sui Dynasty,East Asia,China,581,605,613,618,34.0,109.0,50.0,4000000,fragmentation,overextension,,,Tang Dynasty,Byzantine Empire|Sassanid Empire,24,8,5,37,4.8,800000.0,3.9318256327243257,15.201805169084134,0.08,Medieval,Medieval,2,2,2,0,1,0,0.0357142857142857,0.0446428571428571,0.15625,0.8392857142857143,0.7857142857142857,0.4419642857142857,0.5446428571428571,False,False,False,True,False,False,3,,,,,Reunified China after centuries; overextension in Korea wars caused revolt,2,1,1,0,0,1,3
68,Khmer Empire,South Asia,Southeast Asia,802,1150,1350,1431,13.4,103.8,2.0,1000000,climate,conquest,,Ayutthaya,Ayutthaya,Srivijaya Empire|Dai Viet,348,200,81,629,4.296296296296297,12345.67901234568,1.0986122886681098,13.815511557963774,0.5,Medieval,Medieval,2,2,2,1,1,0,0.8035714285714286,0.7678571428571429,0.7678571428571429,0.1607142857142857,0.4375,0.4419642857142857,0.5178571428571429,True,False,False,False,False,False,6,,,,,Angkor Wat builders; prolonged drought and Ayutthaya raids ended empire,2,1,1,0,0,1,3
69,Srivijaya Empire,South Asia,Southeast Asia,650,900,1200,1275,-2.0,104.0,2.0,1300000,economic,conquest,,Chola Dynasty|Majapahit,Majapahit,Chola Dynasty|Tang Dynasty|Khmer Empire,250,300,75,625,3.333333333333333,17333.333333333332,1.0986122886681098,14.077875591662238,0.65,Medieval,Medieval,2,2,3,2,1,0,0.7946428571428571,0.6741071428571429,0.7366071428571429,0.1607142857142857,0.5491071428571429,0.84375,0.4553571428571428,False,False,True,False,False,False,6,,,,,Maritime trade empire; Chola raids 1025 CE weakened it decisively,2,1,0,0,1,1,3
70,Kievan Rus,Europe,Eastern Europe,882,1050,1169,1240,50.0,30.0,7.0,1300000,conquest,fragmentation,Mongol Empire,Mongol Empire,Russian Empire and USSR,Byzantine Empire|Holy Roman Empire,168,119,71,358,2.3661971830985915,18309.859154929574,2.079441541679836,14.077875591662238,0.1857142857142857,Medieval,Medieval,2,2,2,1,1,1,0.5446428571428571,0.5357142857142857,0.7142857142857143,0.4955357142857143,0.5491071428571429,0.4419642857142857,0.375,False,True,False,False,False,False,4,,,,,Mongol invasion 1237-1240 destroyed major cities including Kiev,2,1,0,0,1,1,3
71,Kingdom of France,Europe,Western Europe,987,1680,1789,1792,46.0,2.0,28.0,720000,fragmentation,economic,,,Napoleonic Empire,Holy Roman Empire|British Empire|Spanish Empire,693,109,3,805,231.0,240000.0,3.367295829986474,13.487007879880162,0.0257142857142857,Medieval,Early Modern,2,3,3,0,1,0,0.8839285714285714,0.9642857142857144,0.0892857142857142,0.6785714285714286,0.3482142857142857,0.84375,1.0,False,False,False,True,False,False,4,,,,,French Revolution 1789-1792 ended monarchy; gave way to Republic and Napoleon,1,1,0,0,0,0,1
72,Republic of Venice,Europe,Mediterranean,697,1400,1700,1797,45.4,12.3,2.0,180000,conquest,economic,Napoleonic Empire,Napoleonic Empire|Ottoman Empire,Austrian Empire,Ottoman Empire|Holy Roman Empire|Byzantine Empire,703,300,97,1100,7.247422680412371,1855.6701030927836,1.0986122886681098,12.100717685412471,0.09,Medieval,Early Modern,2,3,3,2,1,1,0.9553571428571428,0.9732142857142856,0.7946428571428571,0.1607142857142857,0.09375,0.84375,0.6607142857142857,False,True,False,False,False,False,4,,,,,Napoleon dissolved it in 1797; traded to Austria in Treaty of Campo Formio,1,1,0,0,0,0,1
73,Xiongnu Confederation,Central Asia,Steppe,-209,-100,48,93,47.0,105.0,2.0,9000000,fragmentation,migration,,Han Dynasty,,Han Dynasty|Roman Empire,109,148,45,302,2.422222222222222,200000.0,1.0986122886681098,16.012735246411598,4.5,Classical,Classical,1,1,2,1,0,0,0.4464285714285714,0.3928571428571428,0.5580357142857143,0.1607142857142857,0.9285714285714286,0.4419642857142857,0.3839285714285714,False,False,False,True,False,False,2,,,,,Han Dynasty's main steppe rival; forced Han to build Great Wall; split into northern and southern,1,1,0,0,0,0,-1
74,Golden Horde,Central Asia,Steppe,1242,1300,1395,1502,48.0,55.0,6.0,6000000,fragmentation,pandemic,,Timurid Empire|Russian Empire and USSR,Russian Empire and USSR,Timurid Empire|Byzantine Empire|Ottoman Empire,58,95,107,260,0.5420560747663551,56074.766355140186,1.9459101490553128,15.607270193858982,1.0,Medieval,Early Modern,2,3,3,2,1,0,0.375,0.1964285714285714,0.8482142857142857,0.46875,0.8928571428571429,0.84375,0.0357142857142857,False,False,False,True,False,False,2,,,,,Mongol successor; Black Death devastated it; fragmented into smaller khanates,2,1,1,0,0,1,3
75,Goryeo,East Asia,Korea,918,1100,1356,1392,37.5,127.0,5.0,250000,fragmentation,conquest,,Mongol Empire|Yuan Dynasty,Joseon Dynasty,Song Dynasty|Yuan Dynasty|Liao Dynasty,182,256,36,474,5.055555555555555,6944.444444444444,1.791759469228055,12.429220196836384,0.05,Medieval,Medieval,2,2,3,2,1,0,0.6785714285714286,0.5803571428571429,0.4910714285714285,0.4241071428571428,0.1428571428571428,0.84375,0.5714285714285714,False,False,False,True,False,False,3,,,,,Gave Korea its name; survived Mongol conquest as vassal; internal revolt ended it,1,1,0,0,0,0,1
76,Silla,East Asia,Korea,-57,700,889,935,35.8,129.0,4.0,180000,fragmentation,,Goryeo,Goryeo,Goryeo,Tang Dynasty|Koguryo,757,189,46,992,16.456521739130434,3913.0434782608695,1.6094379124341005,12.100717685412471,0.045,Classical,Medieval,1,2,2,1,1,1,0.9285714285714286,0.9910714285714286,0.5758928571428571,0.3660714285714285,0.09375,0.4419642857142857,0.8125,False,False,False,True,False,False,3,,,,,United Korean peninsula 668 CE with Tang help; 992-year lifespan,0,0,0,0,0,0,0
77,Koguryo,East Asia,Korea,-37,400,660,668,39.0,126.0,5.0,700000,conquest,,Tang Dynasty,Tang Dynasty|Silla,Goryeo,Han Dynasty|Silla|Tang Dynasty,437,260,8,705,54.625,87500.0,1.791759469228055,13.45883704259595,0.14,Classical,Medieval,1,2,3,2,1,1,0.8571428571428571,0.8660714285714286,0.2142857142857142,0.4241071428571428,0.3348214285714285,0.84375,0.9285714285714286,False,True,False,False,False,False,3,,,,,One of Three Kingdoms of Korea; defeated multiple Chinese invasions; fell to Tang-Silla alliance,2,1,1,0,0,1,3
78,Balhae,East Asia,Korea,698,800,924,926,44.0,129.0,3.0,600000,conquest,,Liao Dynasty,Liao Dynasty,Liao Dynasty,Tang Dynasty|Silla,102,124,2,228,51.0,300000.0,1.3862943611198906,13.304686600863562,0.2,Medieval,Medieval,2,2,2,1,1,1,0.3303571428571428,0.3839285714285714,0.0357142857142857,0.2723214285714285,0.28125,0.4419642857142857,0.9196428571428572,False,True,False,False,False,False,3,,,,,Successor to Koguryo in Manchuria and northern Korea; destroyed by Khitan Liao,0,0,0,0,0,0,0
79,Yamato,East Asia,Japan,250,600,672,710,34.5,135.8,5.0,380000,fragmentation,,,,Empire of Japan,Silla|Koguryo|Tang Dynasty,350,72,38,460,9.210526315789474,10000.0,1.791759469228055,12.847929163278051,0.076,Classical,Medieval,1,2,3,0,1,0,0.6517857142857143,0.7857142857142857,0.5178571428571429,0.4241071428571428,0.2098214285714285,0.84375,0.7232142857142857,False,False,False,True,False,False,3,,,,,Early Japanese state; transformed into imperial Japan through Taika Reform 645 CE,1,0,1,0,0,1,3
80,Tokugawa Shogunate,East Asia,Japan,1603,1700,1853,1868,35.7,139.7,30.0,380000,fragmentation,overextension,,Empire of Japan|USA,Empire of Japan,Qing Dynasty|British Empire,97,153,15,265,6.466666666666667,25333.33333333333,3.4339872044851463,12.847929163278051,0.0126666666666666,Early Modern,Industrial,3,4,2,2,1,0,0.3928571428571428,0.3571428571428571,0.2946428571428571,0.7053571428571429,0.2098214285714285,0.4419642857142857,0.625,False,False,False,True,False,False,3,,,,,250 years of isolation; Perry's arrival 1853 forced opening; Meiji Restoration ended it,0,0,0,0,0,0,0
81,Liao Dynasty,East Asia,China,907,1005,1114,1125,42.0,120.0,4.0,4000000,conquest,,Jin Empire,Jin Empire|Song Dynasty,Jin Empire,Song Dynasty|Goryeo,98,109,11,218,8.909090909090908,363636.3636363637,1.6094379124341005,15.201805169084134,1.0,Medieval,Medieval,2,2,2,2,1,1,0.3035714285714285,0.3660714285714285,0.25,0.3660714285714285,0.7857142857142857,0.4419642857142857,0.7142857142857143,False,True,False,False,False,False,3,,,,,Khitan empire; dominated northern China; destroyed by Jurchen Jin,1,1,0,0,0,0,-1
82,Jin Empire,East Asia,China,1115,1150,1211,1234,40.0,116.0,45.0,3400000,conquest,,Mongol Empire,Mongol Empire,Mongol Empire,Song Dynasty|Mongol Empire,35,61,23,119,1.5217391304347827,147826.08695652173,3.828641396489095,15.039286283703994,0.0755555555555555,Medieval,Medieval,2,2,2,1,1,1,0.1696428571428571,0.09375,0.3883928571428571,0.8125,0.6651785714285714,0.4419642857142857,0.2410714285714285,False,True,False,False,False,False,3,,,,,Jurchen empire ruling northern China; destroyed by Genghis Khan's campaigns,2,1,0,0,1,1,3
83,Xixia,East Asia,China,1038,1100,1205,1227,38.0,106.0,3.0,800000,conquest,,Mongol Empire,Mongol Empire,Mongol Empire,Song Dynasty|Jin Empire|Mongol Empire,62,105,22,189,2.8181818181818183,36363.63636363636,1.3862943611198906,13.592368256649284,0.2666666666666666,Medieval,Medieval,2,2,3,1,1,1,0.2767857142857143,0.2366071428571428,0.3705357142857143,0.2723214285714285,0.3616071428571428,0.84375,0.4285714285714285,False,True,False,False,False,False,3,,,,,Tangut state; Genghis Khan's last campaign; population nearly exterminated,2,1,0,0,1,1,3
84,Pagan Empire,South Asia,Southeast Asia,849,1200,1277,1297,21.2,94.9,2.0,600000,conquest,,Mongol Empire,Mongol Empire,Ayutthaya,Khmer Empire|Mongol Empire,351,77,20,448,17.55,30000.0,1.0986122886681098,13.304686600863562,0.3,Medieval,Medieval,2,2,2,1,1,1,0.6428571428571429,0.8035714285714286,0.3303571428571428,0.1607142857142857,0.28125,0.4419642857142857,0.8482142857142857,False,True,False,False,False,False,6,,,,,"First Burmese empire; Mongol invasion 1277 devastated it; 10,000 temples built",1,0,0,0,1,1,3
85,Ayutthaya,South Asia,Southeast Asia,1351,1600,1765,1767,14.4,100.6,3.0,500000,conquest,,Burma,Burma|Khmer Empire,Rattanakosin Kingdom,Khmer Empire|Pagan Empire|Dai Viet,249,165,2,416,124.5,250000.0,1.3862943611198906,13.122365377402328,0.1666666666666666,Medieval,Early Modern,2,3,3,2,1,1,0.5803571428571429,0.6607142857142857,0.0357142857142857,0.2723214285714285,0.2410714285714285,0.84375,0.9732142857142856,False,True,False,False,False,False,6,,,,,Thai kingdom; capital destroyed by Burmese 1767; one of richest cities in Asia,1,1,0,0,0,0,1
86,Champa,South Asia,Southeast Asia,192,900,1471,1832,15.0,108.0,1.0,200000,conquest,,Dai Viet,Dai Viet|Khmer Empire,Dai Viet,Khmer Empire|Tang Dynasty|Dai Viet,708,571,361,1640,1.9612188365650969,554.016620498615,0.6931471805599453,12.206077645517674,0.2,Classical,Industrial,1,4,3,2,1,1,1.0,0.9821428571428572,0.9910714285714286,0.0669642857142857,0.1116071428571428,0.84375,0.3125,False,True,False,False,False,False,6,,,,,Hindu-Buddhist maritime state; gradually absorbed by Vietnamese expansion southward,4,1,1,1,0,1,3
87,Dai Viet,South Asia,Southeast Asia,968,1500,1771,1804,21.0,105.8,8.0,330000,fragmentation,,,Mongol Empire|Ming Dynasty,French Colonial Empire,Khmer Empire|Champa|Ming Dynasty,532,271,33,836,16.12121212121212,10000.0,2.19722457733622,12.706850963741102,0.04125,Medieval,Industrial,2,4,3,2,1,0,0.8928571428571429,0.9285714285714286,0.4732142857142857,0.53125,0.1875,0.84375,0.7946428571428571,False,False,False,True,False,False,6,,,,,Survived three Mongol invasions; key resilience case; became French Indochina,1,1,0,0,0,0,1
88,Majapahit,South Asia,Southeast Asia,1293,1365,1405,1527,-7.6,112.2,4.0,1200000,fragmentation,economic,,Malacca Sultanate,,Ming Dynasty|Ayutthaya|Srivijaya Empire,72,40,122,234,0.5901639344262295,9836.065573770493,1.6094379124341005,13.997832948091215,0.3,Medieval,Early Modern,2,3,3,1,0,0,0.3482142857142857,0.2723214285714285,0.875,0.3660714285714285,0.4866071428571428,0.84375,0.0446428571428571,False,False,False,True,False,False,6,,,,,Last major Hindu empire in Southeast Asia; fragmented as Islam spread,2,1,1,0,0,1,3
89,Ilkhanate,Middle East,Persia,1256,1290,1315,1335,35.0,51.0,12.0,4000000,fragmentation,pandemic,,,Timurid Empire,Mongol Empire|Golden Horde|Mamluk Sultanate,34,25,20,79,1.7,200000.0,2.5649493574615367,15.201805169084134,0.3333333333333333,Medieval,Medieval,2,2,3,0,1,0,0.09375,0.0803571428571428,0.3303571428571428,0.6071428571428571,0.7857142857142857,0.84375,0.2589285714285714,False,False,False,True,False,False,5,,,,,Mongol Persia; Black Death and succession crises ended it rapidly,1,1,0,0,0,0,1
90,Safavid Empire,Middle East,Persia,1501,1630,1709,1736,32.0,53.0,10.0,2800000,conquest,fragmentation,,Ottoman Empire|Afghan tribes,Afsharid Persia,Ottoman Empire|Mughal Empire,129,79,27,235,4.777777777777778,103703.70370370372,2.3978952727983707,14.845130332288226,0.28,Early Modern,Early Modern,3,3,2,2,1,0,0.3571428571428571,0.4464285714285714,0.4464285714285714,0.5714285714285714,0.6116071428571429,0.4419642857142857,0.5357142857142857,False,True,False,False,False,False,5,,,,,Established Shia Islam in Persia; Afghan invasion 1709 ended it,1,1,0,0,0,0,1
91,Fatimid Caliphate,Middle East,North Africa,909,1000,1150,1171,30.0,31.0,6.0,4100000,conquest,fragmentation,Ayyubid Sultanate,Crusaders|Ayyubid Sultanate,Ayyubid Sultanate,Abbasid Caliphate|Byzantine Empire,91,150,21,262,4.333333333333333,195238.09523809524,1.9459101490553128,15.226497775576943,0.6833333333333333,Medieval,Medieval,2,2,2,2,1,1,0.3839285714285714,0.3482142857142857,0.3526785714285714,0.46875,0.8125,0.4419642857142857,0.5267857142857143,False,True,False,False,False,False,5,,,,,Ismaili Shia caliphate; Saladin ended it; founded Cairo,1,1,0,0,0,0,-1
92,Seljuk Empire,Middle East,Anatolia,1037,1090,1150,1194,38.0,42.0,8.0,3900000,fragmentation,,,Crusaders|Mongol Empire,Ottoman Empire,Byzantine Empire|Fatimid Caliphate,53,60,44,157,1.2045454545454546,88636.36363636363,2.19722457733622,15.1764873675101,0.4875,Medieval,Medieval,2,2,2,2,1,0,0.2321428571428571,0.1473214285714285,0.5446428571428571,0.53125,0.7544642857142857,0.4419642857142857,0.1607142857142857,False,False,False,True,False,False,5,,,,,Triggered the Crusades by taking Jerusalem; fragmented into successor states,1,1,0,0,0,0,-1
93,Chagatai Khanate,Central Asia,Steppe,1226,1280,1340,1347,42.0,76.0,3.0,3500000,fragmentation,pandemic,,Timurid Empire,Timurid Empire,Ilkhanate|Golden Horde|Yuan Dynasty,54,60,7,121,7.714285714285714,500000.0,1.3862943611198906,15.068273812173889,1.1666666666666667,Medieval,Medieval,2,2,3,1,1,0,0.1785714285714285,0.1696428571428571,0.1919642857142857,0.2723214285714285,0.7008928571428571,0.84375,0.6830357142857143,False,False,False,True,False,False,2,,,,,Mongol successor in Central Asia; Black Death and internal divisions ended it,2,1,1,0,0,1,3
94,Ghaznavid Emirate,Middle East,Central Asia,977,1030,1150,1186,34.0,68.0,4.0,3400000,conquest,,Ghurid dynasty,Seljuk Empire|Ghurid dynasty,Delhi Sultanate,Seljuk Empire|Fatimid Caliphate,53,120,36,209,1.4722222222222223,94444.44444444444,1.6094379124341005,15.039286283703994,0.85,Medieval,Medieval,2,2,2,2,1,1,0.2946428571428571,0.1473214285714285,0.4910714285714285,0.3660714285714285,0.6651785714285714,0.4419642857142857,0.1964285714285714,False,True,False,False,False,False,5,,,,,First major Islamic empire in Afghanistan/India; Mahmud's raids into India famous,1,1,0,0,0,0,-1
95,Almohad Caliphate,Africa,North Africa,1121,1180,1212,1269,33.0,-5.0,6.0,1300000,fragmentation,conquest,,Kingdom of France|Spanish kingdoms,,Holy Roman Empire|Kingdom of France,59,32,57,148,1.0350877192982455,22807.01754385965,1.9459101490553128,14.077875591662238,0.2166666666666666,Medieval,Medieval,2,2,2,2,0,0,0.2232142857142857,0.2098214285714285,0.6651785714285714,0.46875,0.5491071428571429,0.4419642857142857,0.1071428571428571,False,False,False,True,False,False,0,,,,,Battle of Las Navas de Tolosa 1212 ended Almohad power in Iberia,2,1,0,0,1,1,3
96,Almoravid Dynasty,Africa,North Africa,1040,1100,1121,1147,31.0,-7.0,3.0,1000000,conquest,fragmentation,Almohad Caliphate,Almohad Caliphate,Almohad Caliphate,Ghana Empire|Holy Roman Empire,60,21,26,107,2.3076923076923075,38461.53846153846,1.3862943611198906,13.815511557963774,0.3333333333333333,Medieval,Medieval,2,2,2,1,1,1,0.1607142857142857,0.2232142857142857,0.4330357142857143,0.2723214285714285,0.4375,0.4419642857142857,0.3660714285714285,False,True,False,False,False,False,0,,,,,Berber empire from Sahara; conquered Ghana Empire; replaced by Almohads,1,1,0,0,0,0,-1
97,Ptolemaic Kingdom,Africa,North Africa,-305,-250,-80,-30,30.0,31.0,7.0,1800000,conquest,fragmentation,Roman Empire,Roman Empire,Roman Empire,Seleucid Empire|Roman Empire|Carthage,55,170,50,275,1.1,36000.0,2.079441541679836,14.403297778421797,0.2571428571428571,Classical,Classical,1,1,3,1,1,1,0.4107142857142857,0.1875,0.6205357142857143,0.4955357142857143,0.5714285714285714,0.84375,0.1339285714285714,False,True,False,False,False,False,0,,,,,Alexander's Egyptian successor; Cleopatra's kingdom; ended with Actium 31 BCE,1,1,0,0,0,0,-1
98,Visigothic Kingdom,Europe,Western Europe,418,580,711,721,40.0,-4.0,4.0,620000,conquest,,Umayyad Caliphate,Umayyad Caliphate,Umayyad Caliphate,Frankish Kingdom|Byzantine Empire,162,131,10,303,16.2,62000.0,1.6094379124341005,13.3374763699232,0.155,Classical,Medieval,1,2,2,1,1,1,0.4553571428571428,0.5267857142857143,0.2366071428571428,0.3660714285714285,0.3035714285714285,0.4419642857142857,0.8035714285714286,False,True,False,False,False,False,4,,,,,Ruled Iberia after Rome; Islamic invasion 711 CE conquered it in 10 years,1,0,1,0,0,1,3
99,Angevin Empire,Europe,Western Europe,1154,1180,1202,1214,47.0,0.0,8.0,800000,fragmentation,conquest,Kingdom of France,Kingdom of France,Kingdom of France,Kingdom of France|Holy Roman Empire,26,22,12,60,2.1666666666666665,66666.66666666667,2.19722457733622,13.592368256649284,0.1,Medieval,Medieval,2,2,2,1,1,1,0.0535714285714285,0.0535714285714285,0.2633928571428571,0.53125,0.3616071428571428,0.4419642857142857,0.3303571428571428,False,False,False,True,False,False,4,,,,,English-French empire of Henry II; lost French lands to Philip II of France,2,1,0,0,1,1,3
100,Great Moravia,Europe,Central Europe,830,880,902,907,49.0,17.0,1.0,350000,conquest,,Magyar tribes,Magyar tribes|Frankish Kingdom,Kingdom of Hungary,Carolingian Empire|Byzantine Empire,50,22,5,77,10.0,70000.0,0.6931471805599453,12.765691290604371,0.35,Medieval,Medieval,2,2,2,2,1,1,0.0803571428571428,0.1339285714285714,0.15625,0.0669642857142857,0.1964285714285714,0.4419642857142857,0.7321428571428571,False,True,False,False,False,False,4,,,,,First major Slavic state; Magyar invasion ended it; gave rise to Czech and Slovak identity,0,0,0,0,0,0,0
101,Polish-Lithuanian Commonwealth,Europe,Eastern Europe,1569,1650,1772,1795,52.0,20.0,11.0,1000000,fragmentation,conquest,Russian Empire and USSR,Russian Empire and USSR|Prussia|Austria,Russian Empire and USSR,Russian Empire and USSR|Holy Roman Empire|Ottoman Empire,81,122,23,226,3.5217391304347827,43478.260869565216,2.4849066497880004,13.815511557963774,0.0909090909090909,Early Modern,Early Modern,3,3,3,3,1,1,0.3214285714285714,0.3035714285714285,0.3883928571428571,0.5892857142857143,0.4375,0.84375,0.4821428571428571,False,False,False,True,False,False,4,,,,,"Three partitions 1772-1795 by Russia, Prussia, Austria erased it from map",1,1,0,0,0,0,1
102,Teutonic Knights,Europe,Northern Europe,1230,1400,1410,1525,54.0,19.0,2.0,260000,conquest,fragmentation,Polish-Lithuanian Commonwealth,Polish-Lithuanian Commonwealth,Polish-Lithuanian Commonwealth,Polish-Lithuanian Commonwealth|Kievan Rus,170,10,115,295,1.4782608695652173,2260.8695652173915,1.0986122886681098,12.468440756144114,0.13,Medieval,Early Modern,2,3,2,1,1,1,0.4375,0.5491071428571429,0.8660714285714286,0.1607142857142857,0.1607142857142857,0.4419642857142857,0.2053571428571428,False,True,False,False,False,False,4,,,,,Battle of Grunwald 1410 ended Teutonic power; dissolved in Reformation,2,1,1,0,0,1,3
103,Kalmar Union,Europe,Northern Europe,1397,1430,1520,1523,59.0,15.0,3.0,1200000,fragmentation,,,,,Holy Roman Empire|Hanseatic League,33,90,3,126,11.0,400000.0,1.3862943611198906,13.997832948091215,0.4,Medieval,Early Modern,2,3,2,0,0,0,0.1875,0.0669642857142857,0.0892857142857142,0.2723214285714285,0.4866071428571428,0.4419642857142857,0.7410714285714286,False,False,False,True,False,False,4,,,,,"Scandinavian union of Denmark, Norway, Sweden; Stockholm Bloodbath 1520 triggered Swedish revolt",2,1,1,0,0,1,3
104,Dahomey,Africa,Sub-Saharan Africa,1600,1780,1892,1904,7.0,2.0,2.0,100000,conquest,,French Colonial Empire,French Colonial Empire,French Colonial Empire,British Empire|French Colonial Empire|Kingdom of Benin,180,112,12,304,15.0,8333.333333333334,1.0986122886681098,11.51293546492023,0.05,Early Modern,Industrial,3,4,3,1,1,1,0.4642857142857143,0.5714285714285714,0.2633928571428571,0.1607142857142857,0.0625,0.84375,0.7678571428571429,False,True,False,False,False,False,0,,,,,Famous for female warriors (Agojie); French conquest 1892-1904,0,0,0,0,0,0,0
105,Buganda,Africa,Sub-Saharan Africa,1300,1800,1894,1966,0.3,32.6,3.0,60000,conquest,fragmentation,British Empire,British Empire,Uganda,British Empire|Ethiopian Empire,500,94,72,666,6.944444444444445,833.3333333333334,1.3862943611198906,11.002116507732016,0.02,Medieval,Modern,2,5,2,1,1,1,0.8303571428571429,0.8928571428571429,0.7232142857142857,0.2723214285714285,0.0357142857142857,0.4419642857142857,0.6473214285714286,False,True,False,False,False,False,0,,,,,East African kingdom; became British protectorate 1894; formal abolition 1966,3,0,1,1,0,1,3
106,Funj Sultanate,Africa,Sub-Saharan Africa,1504,1650,1780,1821,13.0,33.0,2.0,900000,conquest,fragmentation,Egyptian Empire,Egypt|Ethiopian Empire,,Ethiopian Empire|Ottoman Empire,146,130,41,317,3.5609756097560976,21951.219512195123,1.0986122886681098,13.71015115341694,0.45,Early Modern,Industrial,3,4,2,2,0,1,0.4821428571428571,0.4910714285714285,0.5357142857142857,0.1607142857142857,0.3973214285714285,0.4419642857142857,0.4910714285714285,False,True,False,False,False,False,0,,,,,Sudanese sultanate; conquered by Muhammad Ali's Egypt 1821,2,1,0,0,0,0,2
107,Adal Sultanate,Africa,Sub-Saharan Africa,1415,1540,1559,1577,9.0,43.0,1.5,1300000,conquest,fragmentation,Ethiopian Empire,Ethiopian Empire|Portuguese Empire,,Ethiopian Empire|Portuguese Empire,125,19,18,162,6.944444444444445,72222.22222222222,0.9162907318741552,14.077875591662238,0.8666666666666667,Medieval,Early Modern,2,3,2,2,0,1,0.2455357142857142,0.4375,0.3080357142857143,0.0982142857142857,0.5491071428571429,0.4419642857142857,0.6473214285714286,False,True,False,False,False,False,0,,,,,Somali-Afar sultanate; nearly conquered Ethiopia; Portuguese intervention saved Ethiopia,2,1,1,0,0,1,3
108,Wadai Empire,Africa,Sub-Saharan Africa,1501,1800,1906,1912,13.0,21.0,3.0,900000,conquest,,French Colonial Empire,French Colonial Empire,French Colonial Empire,Kanem-Bornu Empire|Ottoman Empire,299,106,6,411,49.833333333333336,150000.0,1.3862943611198906,13.71015115341694,0.3,Early Modern,Industrial,3,4,2,1,1,1,0.5625,0.7053571428571429,0.1741071428571428,0.2723214285714285,0.3973214285714285,0.4419642857142857,0.9017857142857144,False,True,False,False,False,False,0,,,,,Central African sultanate; last independent sub-Saharan state to fall to France,0,0,0,0,0,0,0
109,Chimu Empire,Americas,South America,900,1400,1462,1470,-8.1,-79.0,1.5,500000,conquest,,Inca Empire,Inca Empire,Inca Empire,Inca Empire,500,62,8,570,62.5,62500.0,0.9162907318741552,13.122365377402328,0.3333333333333333,Medieval,Medieval,2,2,1,1,1,1,0.75,0.8928571428571429,0.2142857142857142,0.0982142857142857,0.2410714285714285,0.0982142857142857,0.9375,False,True,False,False,False,False,1,,,,,Largest pre-Inca state; Chan Chan city; conquered by Pachacuti's Inca,1,1,0,0,0,0,1
110,Toltec Empire,Americas,Mesoamerica,800,1000,1100,1150,20.1,-99.3,1.0,200000,climate,fragmentation,,,Aztec Empire,Classic Maya,200,100,50,350,4.0,4000.0,0.6931471805599453,12.206077645517674,0.2,Medieval,Medieval,2,2,1,0,1,0,0.5357142857142857,0.6116071428571429,0.6205357142857143,0.0669642857142857,0.1116071428571428,0.0982142857142857,0.5,True,False,False,False,False,False,1,,,,,Pre-Aztec central Mexican state; drought and internal conflict ended it,1,1,0,0,0,0,-1
111,Olmec,Americas,Mesoamerica,-1500,-900,-500,-400,18.0,-95.0,0.5,100000,climate,fragmentation,,,Classic Maya,Zhou Dynasty|Achaemenid Persian Empire,600,400,100,1100,6.0,1000.0,0.4054651081081644,11.51293546492023,0.2,Bronze Age,Classical,0,1,2,0,1,0,0.9553571428571428,0.9419642857142856,0.8214285714285714,0.0223214285714285,0.0625,0.4419642857142857,0.6071428571428571,True,False,False,False,False,False,1,,,,,Mother culture of Mesoamerica; colossal heads; environmental degradation ended it,0,0,0,0,0,0,0
112,Mixtec Empire,Americas,Mesoamerica,900,1300,1458,1521,17.3,-97.6,1.5,40000,conquest,pandemic,Aztec Empire|Spanish Empire,Aztec Empire|Spanish Empire,Spanish Empire,Aztec Empire|Classic Maya,400,158,63,621,6.349206349206349,634.9206349206349,0.9162907318741552,10.59665973278358,0.0266666666666666,Medieval,Early Modern,2,3,2,2,1,1,0.7767857142857143,0.8526785714285714,0.6964285714285714,0.0982142857142857,0.0267857142857142,0.4419642857142857,0.6160714285714286,False,True,False,False,False,False,1,,,,,Famous for codices and goldwork; absorbed by Aztec then Spanish conquest,2,1,1,0,0,1,3
